socioeconomic_group,region,state,urban_rural,school_network,count,mean,median,std
Muito baixo,Centro-Oeste,GO,Rural,Pública,5,233.37636210051969,228.1593816908515,27.49525847677047
Muito baixo,Centro-Oeste,GO,Urbana,Pública,3,250.85381133796295,240.66598755555552,38.48974949107863
Muito baixo,Centro-Oeste,MS,Rural,Pública,16,206.69597053470935,201.6839949289855,16.953574036604376
Muito baixo,Centro-Oeste,MT,Rural,Pública,4,183.6297574352124,175.5296319027778,22.27987033124598
Muito baixo,Nordeste,AL,Rural,Pública,146,239.73554000340923,234.58614513333328,27.497691919000086
Muito baixo,Nordeste,AL,Urbana,Pública,82,245.3298999529906,243.16004845860886,23.590208058634804
Muito baixo,Nordeste,BA,Rural,Privada,1,210.56324972727273,210.56324972727273,
Muito baixo,Nordeste,BA,Rural,Pública,793,227.1350436774712,226.36659760000003,20.005411124591145
Muito baixo,Nordeste,BA,Urbana,Pública,289,228.51278274290212,227.91351358637468,16.414696571254414
Muito baixo,Nordeste,CE,Rural,Pública,581,263.60621788887295,260.70925194999995,24.378845693307472
Muito baixo,Nordeste,CE,Urbana,Pública,347,265.469901565178,262.14709619444443,24.21941557535851
Muito baixo,Nordeste,MA,Rural,Pública,935,219.99601377540878,219.4011431304348,18.360493376623324
Muito baixo,Nordeste,MA,Urbana,Pública,369,231.01959651279054,229.53207982157215,16.704779353454633
Muito baixo,Nordeste,PB,Rural,Pública,125,232.53317028236472,232.3196831747222,19.59824279574924
Muito baixo,Nordeste,PB,Urbana,Pública,216,235.07491278764522,235.15770344253474,15.850633114579024
Muito baixo,Nordeste,PE,Rural,Pública,272,241.37198327489077,241.34389841884064,20.517601003246586
Muito baixo,Nordeste,PE,Urbana,Pública,233,242.38363658552828,241.65559368414588,17.038928643033465
Muito baixo,Nordeste,PI,Rural,Pública,349,235.4140318394302,235.97145727272726,21.239126933702483
Muito baixo,Nordeste,PI,Urbana,Pública,246,244.15857297298032,242.69000708032058,17.88567208489279
Muito baixo,Nordeste,RN,Rural,Pública,52,228.36338698242218,225.54300997233088,16.129075879364272
Muito baixo,Nordeste,RN,Urbana,Pública,102,231.91980729714595,232.05503686428403,16.564514623066366
Muito baixo,Nordeste,SE,Rural,Pública,120,232.346600041992,232.56400003395214,17.481573036411163
Muito baixo,Nordeste,SE,Urbana,Pública,58,230.26819949582847,232.94012248170657,15.179136800656016
Muito baixo,Norte,AC,Rural,Pública,40,223.14963633710562,220.3090115833333,19.689670500467354
Muito baixo,Norte,AC,Urbana,Pública,18,238.04672059217103,237.094441277545,15.10424939580661
Muito baixo,Norte,AM,Rural,Pública,292,209.848047714721,210.9642561907986,22.54283978540571
Muito baixo,Norte,AM,Urbana,Pública,113,229.53616404653783,229.45577638321294,15.827934183115039
Muito baixo,Norte,AP,Rural,Pública,39,214.9315640552298,212.77347290000003,17.556188941174817
Muito baixo,Norte,AP,Urbana,Pública,6,232.22662847263783,229.20791842747207,10.76462514726022
Muito baixo,Norte,PA,Rural,Pública,966,222.71648960384832,221.9795386990969,17.049769216883508
Muito baixo,Norte,PA,Urbana,Pública,211,236.38018794205288,237.31784939679832,12.113888152521296
Muito baixo,Norte,RO,Rural,Pública,2,231.99403574161065,231.99403574161065,13.385489047441302
Muito baixo,Norte,RO,Urbana,Pública,4,234.39943499027834,233.84561609127098,12.282998599089007
Muito baixo,Norte,RR,Rural,Pública,69,200.01516188749346,199.46733120603528,15.782213185917449
Muito baixo,Norte,RR,Urbana,Pública,4,216.7574416694668,217.23630830858104,4.083479373118074
Muito baixo,Norte,TO,Rural,Pública,38,223.9751015209938,217.14925537391306,18.528243415620295
Muito baixo,Norte,TO,Urbana,Pública,20,226.9553265567534,224.45655469528282,15.227881114366124
Muito baixo,Sudeste,ES,Rural,Pública,5,261.9989741159348,258.97218947899603,14.180559676934223
Muito baixo,Sudeste,ES,Urbana,Pública,11,264.65012457160367,268.00361753846147,14.679751299405757
Muito baixo,Sudeste,MG,Rural,Pública,152,232.12232904351234,231.4161327619048,18.024860181433915
Muito baixo,Sudeste,MG,Urbana,Pública,155,234.9900844369279,236.000204,17.244825341083022
Muito baixo,Sudeste,RJ,Rural,Pública,4,213.77972637223255,211.40766413942308,17.2438228769121
Muito baixo,Sudeste,RJ,Urbana,Pública,8,228.97283193631722,227.15411364028378,17.395491471931177
Muito baixo,Sudeste,SP,Rural,Pública,2,256.5513161098484,256.5513161098484,26.911704822789
Muito baixo,Sul,PR,Rural,Pública,6,244.47355168240196,248.70159231092435,14.580296490205939
Muito baixo,Sul,RS,Rural,Pública,1,219.81832777467892,219.81832777467892,
Muito baixo,Sul,RS,Urbana,Pública,2,241.4546130714286,241.4546130714286,35.02781517848692
Muito baixo,Sul,SC,Rural,Pública,1,201.7293928888889,201.7293928888889,
Muito baixo,Sul,SC,Urbana,Pública,1,218.45336866666668,218.45336866666668,
Baixo,Centro-Oeste,DF,Rural,Privada,1,278.4045347101449,278.4045347101449,
Baixo,Centro-Oeste,DF,Rural,Pública,1,244.30860945069145,244.30860945069145,
Baixo,Centro-Oeste,GO,Rural,Pública,20,248.435601686045,240.15644470634916,29.148428599966003
Baixo,Centro-Oeste,GO,Urbana,Pública,23,246.91618853437924,249.3279699375496,16.53592397234837
Baixo,Centro-Oeste,MS,Rural,Pública,17,228.27968768066978,227.37169699979265,18.846214613348646
Baixo,Centro-Oeste,MS,Urbana,Pública,7,228.94600992827958,227.2714185,12.277942359114785
Baixo,Centro-Oeste,MT,Rural,Privada,1,240.97708433333335,240.97708433333335,
Baixo,Centro-Oeste,MT,Rural,Pública,29,229.4443926342789,230.2462670692187,15.181693898885472
Baixo,Centro-Oeste,MT,Urbana,Pública,22,230.76539581847226,231.81470238198756,14.506698952937048
Baixo,Nordeste,AL,Rural,Pública,66,256.8176789909093,246.51396218233617,33.57644648993621
Baixo,Nordeste,AL,Urbana,Pública,190,250.71440168724166,247.68961879508845,21.4354408238999
Baixo,Nordeste,BA,Rural,Pública,455,234.4928268388276,234.51392217142856,19.83771587255391
Baixo,Nordeste,BA,Urbana,Privada,1,263.94502835937504,263.94502835937504,
Baixo,Nordeste,BA,Urbana,Pública,782,234.62082420690137,234.25369635822733,16.20498529714372
Baixo,Nordeste,CE,Rural,Pública,264,265.6521514430471,262.91716143181816,25.699626475654384
Baixo,Nordeste,CE,Urbana,Privada,1,258.7133127692308,258.7133127692308,
Baixo,Nordeste,CE,Urbana,Pública,531,264.8854109219351,262.66152481771775,20.22942117643626
Baixo,Nordeste,MA,Rural,Privada,1,231.56770299999994,231.56770299999994,
Baixo,Nordeste,MA,Rural,Pública,230,234.396021280973,235.08970509208285,17.52408396586441
Baixo,Nordeste,MA,Urbana,Pública,419,242.0275477961508,241.44408265966345,15.625177479276172
Baixo,Nordeste,PB,Rural,Pública,69,241.1997520000035,240.5946560454545,17.80054913031125
Baixo,Nordeste,PB,Urbana,Pública,328,243.91541214936532,244.36552153448275,17.33250895077916
Baixo,Nordeste,PE,Rural,Pública,175,248.39572084536485,247.43130313006455,17.823525337915182
Baixo,Nordeste,PE,Urbana,Privada,1,286.40539400000006,286.40539400000006,
Baixo,Nordeste,PE,Urbana,Pública,531,249.17994310254434,249.4319365714286,13.473015656014526
Baixo,Nordeste,PI,Rural,Pública,53,241.46378074824702,238.1395718,21.97400551603142
Baixo,Nordeste,PI,Urbana,Privada,1,261.7746389677418,261.7746389677418,
Baixo,Nordeste,PI,Urbana,Pública,267,254.8416608394874,255.88907033333334,20.159408160353582
Baixo,Nordeste,RN,Rural,Pública,107,233.2094908485614,234.6714592727273,17.479816795647707
Baixo,Nordeste,RN,Urbana,Pública,308,239.3896594866335,240.50547627814052,16.825934791962688
Baixo,Nordeste,SE,Rural,Pública,55,238.45104336681942,238.40469566666667,16.253781287948982
Baixo,Nordeste,SE,Urbana,Pública,149,239.8494109841072,239.8919833846154,13.127176327377757
Baixo,Norte,AC,Rural,Pública,32,241.788414864073,245.0005958409091,17.241986051282876
Baixo,Norte,AC,Urbana,Pública,41,243.40654749283854,243.80440124896293,10.404469301634776
Baixo,Norte,AM,Rural,Pública,57,238.04544454434915,237.84572144444437,19.11742046123441
Baixo,Norte,AM,Urbana,Pública,133,247.93246193497725,248.37320794819576,12.684865571092477
Baixo,Norte,AP,Rural,Privada,1,214.0412277647059,214.0412277647059,
Baixo,Norte,AP,Rural,Pública,17,229.91297555899942,226.39858214746133,12.33488742550018
Baixo,Norte,AP,Urbana,Pública,33,235.6646009755234,236.80346869699358,10.81826893218629
Baixo,Norte,PA,Rural,Pública,188,232.20100912259448,231.42993994221018,15.506021185346563
Baixo,Norte,PA,Urbana,Pública,484,245.63704588122246,245.90822447562442,12.563917951619729
Baixo,Norte,RO,Rural,Pública,24,239.90050495814137,238.94156729797982,16.188160395023086
Baixo,Norte,RO,Urbana,Pública,30,235.05507356029997,235.51937899741574,13.111901508666474
Baixo,Norte,RR,Rural,Pública,18,225.00766902058913,225.00463612227549,12.127477189512758
Baixo,Norte,RR,Urbana,Pública,16,227.61430942930747,228.5832413648052,14.437309711800891
Baixo,Norte,TO,Rural,Pública,42,234.04330750764447,234.73019227777775,15.499456771118926
Baixo,Norte,TO,Urbana,Privada,1,267.79192519999987,267.79192519999987,
Baixo,Norte,TO,Urbana,Pública,120,235.99760132340455,236.03840316095494,12.430948062879022
Baixo,Sudeste,ES,Rural,Pública,34,259.0658728703102,256.1435457982456,20.11538747742099
Baixo,Sudeste,ES,Urbana,Pública,66,251.10451732929852,253.00226368962012,21.527458057673012
Baixo,Sudeste,MG,Rural,Pública,133,241.79806429095044,244.05213275000003,17.49991739916896
Baixo,Sudeste,MG,Urbana,Pública,473,240.57300973941096,239.88445652229174,16.182328448929805
Baixo,Sudeste,RJ,Rural,Pública,46,239.8631156062545,246.41987604163177,24.046478973913604
Baixo,Sudeste,RJ,Urbana,Pública,238,242.52849861036117,241.92113088287618,19.035306716287185
Baixo,Sudeste,SP,Rural,Pública,14,253.96009497001347,254.15451886607934,16.37427235864927
Baixo,Sudeste,SP,Urbana,Pública,55,239.3799353726252,239.6646458223335,14.233001706272182
Baixo,Sul,PR,Rural,Pública,28,254.35525810452526,253.92729096153846,15.368991923197424
Baixo,Sul,PR,Urbana,Pública,17,247.13764960760443,246.05283212499998,8.981464247393156
Baixo,Sul,RS,Rural,Pública,17,241.1760997770533,239.69723314285716,18.141949534918833
Baixo,Sul,RS,Urbana,Pública,48,240.95399274702217,244.29759442613636,16.54057369486713
Baixo,Sul,SC,Urbana,Pública,2,248.33592785579506,248.33592785579506,3.1034089422235973
Médio,Centro-Oeste,DF,Rural,Pública,7,226.88439477501862,231.48369789063682,18.10288270720272
Médio,Centro-Oeste,DF,Urbana,Pública,12,238.77690266710724,240.85266852406488,11.363762086274619
Médio,Centro-Oeste,GO,Rural,Privada,1,237.99971276923077,237.99971276923077,
Médio,Centro-Oeste,GO,Rural,Pública,35,252.95173942549576,253.40209735294118,15.982827338683167
Médio,Centro-Oeste,GO,Urbana,Pública,334,258.09665560819036,257.70022171228834,15.497509946960324
Médio,Centro-Oeste,MS,Rural,Privada,1,250.74152003125002,250.74152003125002,
Médio,Centro-Oeste,MS,Rural,Pública,26,240.979434489733,237.92499389285715,13.48669283463274
Médio,Centro-Oeste,MS,Urbana,Pública,119,246.2484797067349,245.23713331034486,13.631174567666925
Médio,Centro-Oeste,MT,Rural,Pública,70,241.4510022048931,241.64509629819386,13.903792777752107
Médio,Centro-Oeste,MT,Urbana,Pública,202,239.00876611399607,238.95079300158946,12.102321859637756
Médio,Nordeste,AL,Rural,Pública,7,270.7783727805089,261.1274670882353,40.088209029870974
Médio,Nordeste,AL,Urbana,Privada,4,267.39052157142856,259.94802106593403,23.747519888892295
Médio,Nordeste,AL,Urbana,Pública,38,261.6050111852822,253.4799904034474,27.29799268811741
Médio,Nordeste,BA,Rural,Privada,1,234.37679789999999,234.37679789999999,
Médio,Nordeste,BA,Rural,Pública,93,240.7441989090361,238.75410435294117,21.14328425384112
Médio,Nordeste,BA,Urbana,Privada,2,255.4783768153409,255.4783768153409,32.00324137633885
Médio,Nordeste,BA,Urbana,Pública,240,247.81190198742007,248.29330633179723,16.48201851622773
Médio,Nordeste,CE,Rural,Pública,33,271.0956141465026,272.6078691935484,23.77706534486329
Médio,Nordeste,CE,Urbana,Privada,5,279.3678365449495,276.3363343214287,14.759990042144208
Médio,Nordeste,CE,Urbana,Pública,118,272.86632579328284,273.00699996057926,16.756207408729992
Médio,Nordeste,MA,Rural,Privada,1,275.7834642222222,275.7834642222222,
Médio,Nordeste,MA,Rural,Pública,11,247.09268807135985,252.43659963636364,24.675998714656725
Médio,Nordeste,MA,Urbana,Privada,3,274.1618987773109,272.75957511764705,7.689664580985751
Médio,Nordeste,MA,Urbana,Pública,137,256.34808232223565,255.34872974461703,15.454634749365514
Médio,Nordeste,PB,Rural,Pública,4,244.63230965463487,247.15959685797102,20.97747352545935
Médio,Nordeste,PB,Urbana,Privada,1,264.544874952381,264.544874952381,
Médio,Nordeste,PB,Urbana,Pública,110,254.69696805012342,254.75313861934916,15.695842747944706
Médio,Nordeste,PE,Rural,Pública,10,258.2506264377615,257.7148816357851,14.254148254201981
Médio,Nordeste,PE,Urbana,Privada,5,278.8271233124297,274.3834438571428,12.852578477488404
Médio,Nordeste,PE,Urbana,Pública,146,262.31892568709594,262.60384126718657,13.167543774478625
Médio,Nordeste,PI,Rural,Privada,1,257.5871077272728,257.5871077272728,
Médio,Nordeste,PI,Rural,Pública,3,250.48120775437528,256.69984946153846,13.629529288251378
Médio,Nordeste,PI,Urbana,Privada,8,277.08613250865966,277.24804948249994,10.985540682567045
Médio,Nordeste,PI,Urbana,Pública,66,269.5012769623271,276.1090122277165,22.466352212127077
Médio,Nordeste,RN,Rural,Privada,1,278.81900375,278.81900375,
Médio,Nordeste,RN,Rural,Pública,24,237.89704125815913,236.9481363454546,21.028362402182125
Médio,Nordeste,RN,Urbana,Privada,5,273.30014799460633,270.8463569375,18.8866178215706
Médio,Nordeste,RN,Urbana,Pública,117,247.38940468750462,248.74704210778353,16.02572558242355
Médio,Nordeste,SE,Rural,Pública,5,255.0941401501349,252.27274585714278,20.772456447018705
Médio,Nordeste,SE,Urbana,Privada,4,258.69153273529474,261.2975656532818,17.270400732159917
Médio,Nordeste,SE,Urbana,Pública,99,249.7843555706692,249.58978492637627,12.797581234841648
Médio,Norte,AC,Rural,Pública,2,255.71121756707586,255.71121756707586,17.707622885345707
Médio,Norte,AC,Urbana,Pública,24,259.9754639480537,262.35468553153953,9.184434728397374
Médio,Norte,AM,Rural,Pública,19,240.6540976059525,239.9348888636364,21.77082855031217
Médio,Norte,AM,Urbana,Pública,157,258.63101739068696,258.7407908500001,13.174328152441575
Médio,Norte,AP,Rural,Pública,10,235.20038386395268,234.34711550989817,11.817607333461632
Médio,Norte,AP,Urbana,Pública,42,243.53474230470883,244.87625306080227,10.788432466873742
Médio,Norte,PA,Rural,Privada,1,270.8091581538461,270.8091581538461,
Médio,Norte,PA,Rural,Pública,45,240.40857409227974,242.83445258256302,16.19577447318882
Médio,Norte,PA,Urbana,Privada,2,256.8020198856707,256.8020198856707,25.693071008091877
Médio,Norte,PA,Urbana,Pública,185,255.3566222908872,254.8678823235294,13.229636287814293
Médio,Norte,RO,Rural,Pública,70,245.47767451482906,246.05689634962408,15.877678718393188
Médio,Norte,RO,Urbana,Pública,135,245.67046529855077,246.46290302072063,11.196793766023243
Médio,Norte,RR,Rural,Pública,5,210.60418663418105,210.12579283333332,9.83081533699807
Médio,Norte,RR,Urbana,Pública,32,234.93785384050562,235.64106104484273,13.94706218569114
Médio,Norte,TO,Rural,Privada,1,246.13942762857144,246.13942762857144,
Médio,Norte,TO,Rural,Pública,15,242.44774980243662,249.21397075084403,13.271442011923956
Médio,Norte,TO,Urbana,Privada,1,255.9334732083333,255.9334732083333,
Médio,Norte,TO,Urbana,Pública,140,246.573372427143,247.56540071713744,13.27315182346238
Médio,Sudeste,ES,Rural,Pública,71,259.1916219875311,260.54872514285717,16.15229459413433
Médio,Sudeste,ES,Urbana,Pública,284,257.6315002499303,258.78164594083205,16.099265283469617
Médio,Sudeste,MG,Rural,Privada,1,231.552975125,231.552975125,
Médio,Sudeste,MG,Rural,Pública,115,249.93559765990884,251.4990229444445,19.294724846963966
Médio,Sudeste,MG,Urbana,Pública,1124,247.48540861254762,248.25471794388827,15.367790092546086
Médio,Sudeste,RJ,Rural,Pública,96,246.41353974270547,246.6183051770833,19.25367644117182
Médio,Sudeste,RJ,Urbana,Pública,891,247.34803801148269,247.94866749051297,18.613172933996033
Médio,Sudeste,SP,Rural,Pública,53,255.43115526552782,257.0104561904762,15.117668862412017
Médio,Sudeste,SP,Urbana,Pública,985,247.56926441788602,247.61518527481272,13.185127607403752
Médio,Sul,PR,Rural,Pública,87,258.15393153725506,259.22823712,17.473798887048588
Médio,Sul,PR,Urbana,Pública,220,254.04195812007282,254.80667426448275,13.336498720945881
Médio,Sul,RS,Rural,Pública,96,246.4928859501923,249.99276870707072,19.067459599161687
Médio,Sul,RS,Urbana,Pública,407,244.70322528045781,244.63500484615383,17.892608648735024
Médio,Sul,SC,Rural,Pública,27,250.35003772032562,250.4424336412196,16.79586156190683
Médio,Sul,SC,Urbana,Pública,62,246.83682693827248,246.1951217862001,12.92774385619789
Alto,Centro-Oeste,DF,Rural,Pública,14,241.77421561336243,244.28955599380566,9.563048111511268
Alto,Centro-Oeste,DF,Urbana,Pública,69,244.1193910347453,244.72881833522837,12.721271145811162
Alto,Centro-Oeste,GO,Rural,Pública,33,258.5746871824456,260.2914478319784,23.416063647674466
Alto,Centro-Oeste,GO,Urbana,Pública,431,264.39715864467473,264.2702002645567,14.57533672719049
Alto,Centro-Oeste,MS,Rural,Pública,28,243.4133675233671,243.11704394712646,15.557878190092474
Alto,Centro-Oeste,MS,Urbana,Pública,180,252.13038313376722,252.8424796833397,13.13995620943825
Alto,Centro-Oeste,MT,Rural,Pública,40,248.17595392361324,247.94154893142044,16.38336325339469
Alto,Centro-Oeste,MT,Urbana,Privada,3,245.07242603864734,246.90787478260867,20.250086317623328
Alto,Centro-Oeste,MT,Urbana,Pública,170,250.2169960267487,251.35532968903829,12.721233639709212
Alto,Nordeste,AL,Urbana,Privada,18,268.341954261232,267.9505503809524,19.772032947538253
Alto,Nordeste,AL,Urbana,Pública,3,266.80164880287134,270.2415883849451,15.260415026039109
Alto,Nordeste,BA,Rural,Pública,6,233.3464833274687,230.46554053333332,15.283636782682288
Alto,Nordeste,BA,Urbana,Privada,4,268.7240925539578,269.97064209210527,14.994342679850504
Alto,Nordeste,BA,Urbana,Pública,27,263.4842710671501,265.24725254266696,12.654529035026869
Alto,Nordeste,CE,Rural,Pública,2,269.3046324430891,269.3046324430891,8.671696915138638
Alto,Nordeste,CE,Urbana,Privada,11,283.58777079529733,286.4572409285715,17.595427988428217
Alto,Nordeste,CE,Urbana,Pública,6,293.07446325221326,288.47593222290686,21.453523300364267
Alto,Nordeste,MA,Rural,Privada,2,274.1745366158088,274.1745366158088,15.103245515154711
Alto,Nordeste,MA,Rural,Pública,1,262.2030203322709,262.2030203322709,
Alto,Nordeste,MA,Urbana,Privada,13,277.3998506870946,277.2890784615385,18.97481434386432
Alto,Nordeste,MA,Urbana,Pública,11,284.5116452120134,290.57825474262194,27.910092495224234
Alto,Nordeste,PB,Rural,Privada,1,282.9042434117647,282.9042434117647,
Alto,Nordeste,PB,Urbana,Privada,15,277.3704905597362,275.7995659166667,15.676999353489224
Alto,Nordeste,PB,Urbana,Pública,17,260.04015348316165,254.83998602749412,16.83021596021345
Alto,Nordeste,PE,Urbana,Privada,14,281.9309404119619,278.96841420476187,15.169825309696392
Alto,Nordeste,PE,Urbana,Pública,15,287.9300208052131,286.0250730879574,16.678380769725408
Alto,Nordeste,PI,Urbana,Privada,26,285.200713484871,283.0644244736842,11.89194012526558
Alto,Nordeste,PI,Urbana,Pública,4,274.2102806051712,265.29051655372893,22.23939526165186
Alto,Nordeste,RN,Rural,Privada,1,306.61595125,306.61595125,
Alto,Nordeste,RN,Rural,Pública,1,250.505968375,250.505968375,
Alto,Nordeste,RN,Urbana,Privada,16,269.9934684797681,273.4727559509804,20.591500378820953
Alto,Nordeste,RN,Urbana,Pública,13,264.97939305945846,262.09402561755854,12.346964391822919
Alto,Nordeste,SE,Urbana,Privada,14,270.45186561310044,266.23163383076917,17.991880903716062
Alto,Nordeste,SE,Urbana,Pública,6,256.74172548375697,261.69167818366805,11.538590483286914
Alto,Norte,AC,Urbana,Privada,1,303.5887066052633,303.5887066052633,
Alto,Norte,AC,Urbana,Pública,12,274.1224504438363,277.2279638233083,10.552085208359673
Alto,Norte,AM,Rural,Pública,2,267.7139959577849,267.7139959577849,25.472415627117975
Alto,Norte,AM,Urbana,Privada,2,289.9930466249999,289.9930466249999,7.589558632141291
Alto,Norte,AM,Urbana,Pública,34,270.5951916937977,270.64118115723716,14.651422309236755
Alto,Norte,AP,Urbana,Privada,1,295.5099268205127,295.5099268205127,
Alto,Norte,AP,Urbana,Pública,9,258.1670343707698,256.1318775933578,9.965803418220176
Alto,Norte,PA,Rural,Pública,2,268.44271292649125,268.44271292649125,15.097875810685663
Alto,Norte,PA,Urbana,Privada,12,276.0322406287176,274.34386102777773,13.06928315905546
Alto,Norte,PA,Urbana,Pública,15,265.4701583623151,263.0591399545454,7.9325835977976435
Alto,Norte,RO,Rural,Privada,1,261.2782537499999,261.2782537499999,
Alto,Norte,RO,Rural,Pública,10,251.35226885983906,247.16373358928573,25.77919674108832
Alto,Norte,RO,Urbana,Privada,2,289.53823902807494,289.53823902807494,24.5098326619552
Alto,Norte,RO,Urbana,Pública,51,255.50290613771335,255.81127394594597,11.56592247011831
Alto,Norte,RR,Rural,Pública,2,228.45784701923077,228.45784701923077,5.1659093314042455
Alto,Norte,RR,Urbana,Pública,12,244.10019245424942,245.58027056865367,10.20256597739255
Alto,Norte,TO,Rural,Pública,3,247.92249122219258,244.80468100000004,9.437978776145513
Alto,Norte,TO,Urbana,Pública,31,265.48343627091407,266.3139821062481,14.162443992748672
Alto,Sudeste,ES,Rural,Pública,27,272.3080532053837,280.2816428125,20.291967727998102
Alto,Sudeste,ES,Urbana,Pública,182,265.0810482300721,266.4698687084531,15.16034695509602
Alto,Sudeste,MG,Rural,Pública,66,259.208527103455,258.47226810833325,17.79536615139746
Alto,Sudeste,MG,Urbana,Privada,1,279.73356173684203,279.73356173684203,
Alto,Sudeste,MG,Urbana,Pública,1097,254.97271294883083,255.94265100279597,14.953799246272363
Alto,Sudeste,RJ,Rural,Pública,46,257.1779653862401,258.04711392898093,20.285301091981005
Alto,Sudeste,RJ,Urbana,Privada,4,279.92997101787284,277.9066205482456,19.978287634373874
Alto,Sudeste,RJ,Urbana,Pública,344,258.12197025060755,259.2701255521813,18.31046496744583
Alto,Sudeste,SP,Rural,Pública,91,260.71633499195747,262.01663251515157,13.884998670390916
Alto,Sudeste,SP,Urbana,Pública,2268,257.8148829519174,257.7767640587314,12.685208458096058
Alto,Sul,PR,Rural,Pública,83,265.11752729929816,263.1100338275862,16.01209076092648
Alto,Sul,PR,Urbana,Pública,581,260.97899737188095,262.2040984283581,13.476632777175404
Alto,Sul,RS,Rural,Pública,148,252.83977167083495,254.4782365454545,19.87830264705564
Alto,Sul,RS,Urbana,Pública,788,253.7596545243817,254.89388923939072,16.524972798499103
Alto,Sul,SC,Rural,Pública,65,255.52894091144324,255.78972000000002,16.23888257161636
Alto,Sul,SC,Urbana,Pública,305,254.03128513725366,255.1054180769231,14.669708586484152
Muito alto,Centro-Oeste,DF,Rural,Pública,3,260.7448101752954,268.6865950587365,28.29338076562352
Muito alto,Centro-Oeste,DF,Urbana,Privada,49,287.17538536215005,289.0550064666666,18.13224436725432
Muito alto,Centro-Oeste,DF,Urbana,Pública,76,259.628330248689,261.8564495906395,14.427128183071384
Muito alto,Centro-Oeste,GO,Rural,Privada,1,275.3576189655172,275.3576189655172,
Muito alto,Centro-Oeste,GO,Rural,Pública,10,273.7645785249994,284.2026123863636,34.549353079078216
Muito alto,Centro-Oeste,GO,Urbana,Privada,61,288.1084497141045,289.1632701714285,17.453420980020674
Muito alto,Centro-Oeste,GO,Urbana,Pública,175,280.9311593749474,282.7241609130436,15.294222603084906
Muito alto,Centro-Oeste,MS,Rural,Pública,9,237.72875762883692,234.41485866666667,11.778014776140921
Muito alto,Centro-Oeste,MS,Urbana,Privada,75,288.21552037761165,291.2984529444444,19.51481554578617
Muito alto,Centro-Oeste,MS,Urbana,Pública,100,262.9689751818155,263.8984818148458,16.145332526200747
Muito alto,Centro-Oeste,MT,Rural,Pública,4,264.96997296104297,266.17327771375255,10.477220216461708
Muito alto,Centro-Oeste,MT,Urbana,Privada,71,282.3694462106484,284.7450453529412,17.960914494958796
Muito alto,Centro-Oeste,MT,Urbana,Pública,56,264.2282970633628,264.2848574212486,17.105682039487846
Muito alto,Nordeste,AL,Rural,Privada,2,284.18302835416665,284.18302835416665,24.754994323196456
Muito alto,Nordeste,AL,Urbana,Privada,50,281.6973044133469,283.64380939903845,18.274537626547577
Muito alto,Nordeste,AL,Urbana,Pública,1,306.6697010864952,306.6697010864952,
Muito alto,Nordeste,BA,Rural,Pública,1,221.9035815,221.9035815,
Muito alto,Nordeste,BA,Urbana,Privada,20,288.4597750043504,292.65937668216327,18.160520040943226
Muito alto,Nordeste,BA,Urbana,Pública,10,271.7149270714941,278.30525616113493,33.13601538019931
Muito alto,Nordeste,CE,Urbana,Privada,27,285.6318301599782,283.95456133333334,16.871988024983203
Muito alto,Nordeste,CE,Urbana,Pública,5,317.3150128677229,317.54705592044303,6.71834699723503
Muito alto,Nordeste,MA,Urbana,Privada,38,282.1573231932361,287.35125809310847,24.568444312090204
Muito alto,Nordeste,MA,Urbana,Pública,4,298.5927630317426,302.87841369778454,16.971864078774598
Muito alto,Nordeste,PB,Rural,Privada,1,255.92654577777776,255.92654577777776,
Muito alto,Nordeste,PB,Urbana,Privada,41,283.4759821260499,286.6491748666667,17.058346755253158
Muito alto,Nordeste,PB,Urbana,Pública,2,249.55839569050642,249.55839569050642,26.34073592064303
Muito alto,Nordeste,PE,Rural,Pública,1,316.5819587499328,316.5819587499328,
Muito alto,Nordeste,PE,Urbana,Privada,27,291.5318523023625,290.6618665217391,15.826885333535337
Muito alto,Nordeste,PE,Urbana,Pública,5,316.695636225839,318.0480184585716,17.21689320929249
Muito alto,Nordeste,PI,Urbana,Privada,90,294.57235349872894,295.5800349771968,14.782863855115316
Muito alto,Nordeste,RN,Urbana,Privada,42,288.19786041647126,285.76657748711455,18.669870534380973
Muito alto,Nordeste,SE,Rural,Privada,2,288.7216102140151,288.7216102140151,9.606541194457026
Muito alto,Nordeste,SE,Urbana,Privada,44,280.3397491228867,280.45902971659916,19.145852778748385
Muito alto,Nordeste,SE,Urbana,Pública,1,275.7192189162747,275.7192189162747,
Muito alto,Norte,AC,Urbana,Privada,12,294.7200839737714,296.0589169789473,13.721734286044544
Muito alto,Norte,AC,Urbana,Pública,6,287.0468317769096,285.63164893371743,12.164668053489589
Muito alto,Norte,AM,Rural,Privada,1,283.3897148064516,283.3897148064516,
Muito alto,Norte,AM,Urbana,Privada,67,288.95896186839866,288.2546464716982,18.504833998591476
Muito alto,Norte,AM,Urbana,Pública,16,288.5813693374778,288.2836099183428,12.99032063916124
Muito alto,Norte,AP,Urbana,Privada,23,290.36968304552266,288.29372865,12.372896889056557
Muito alto,Norte,AP,Urbana,Pública,5,263.2741597579378,262.8832854709208,9.120992586843048
Muito alto,Norte,PA,Rural,Privada,1,289.48574918181816,289.48574918181816,
Muito alto,Norte,PA,Urbana,Privada,39,280.87178846145594,279.76209412500003,21.21448069252368
Muito alto,Norte,PA,Urbana,Pública,4,298.4103258634457,298.80223396911117,12.008813828641703
Muito alto,Norte,RO,Rural,Privada,2,261.8399896748134,261.8399896748134,10.32793574339479
Muito alto,Norte,RO,Urbana,Privada,44,289.0685811820548,290.5814207055555,12.298718589425478
Muito alto,Norte,RO,Urbana,Pública,17,266.4520631091044,268.4508346147588,12.611883745405681
Muito alto,Norte,RR,Urbana,Privada,9,281.32234945610645,288.06019562745104,14.14492198812528
Muito alto,Norte,RR,Urbana,Pública,4,284.61015618197894,274.6489199469651,27.91703895733176
Muito alto,Norte,TO,Rural,Pública,1,274.69807405882347,274.69807405882347,
Muito alto,Norte,TO,Urbana,Privada,43,291.0758913908732,292.018741254902,18.730648858706285
Muito alto,Norte,TO,Urbana,Pública,20,279.49914199850053,283.9995365695901,18.4551196528326
Muito alto,Sudeste,ES,Rural,Pública,9,281.17509325271925,281.09883115384616,12.760998930888036
Muito alto,Sudeste,ES,Urbana,Privada,59,298.23145161546074,299.5128185000001,15.83733003083301
Muito alto,Sudeste,ES,Urbana,Pública,53,278.9288406344898,280.72378500046625,14.620647102550624
Muito alto,Sudeste,MG,Rural,Pública,22,263.1829346143053,271.2131440381944,22.38662616130418
Muito alto,Sudeste,MG,Urbana,Privada,53,301.0794140372787,302.11348226315783,14.478762392253786
Muito alto,Sudeste,MG,Urbana,Pública,492,269.4245078042625,268.4276803967832,17.474882318696455
Muito alto,Sudeste,RJ,Rural,Privada,2,294.15513724000004,294.15513724000004,9.253221287201685
Muito alto,Sudeste,RJ,Rural,Pública,5,281.163609869565,277.29187364874116,9.793746391817706
Muito alto,Sudeste,RJ,Urbana,Privada,26,284.48132237792925,288.30268913071893,21.17268044646191
Muito alto,Sudeste,RJ,Urbana,Pública,78,278.9051286542874,278.0031974333025,19.250531271270486
Muito alto,Sudeste,SP,Rural,Privada,4,291.965020075639,292.19504860869563,12.016261928498675
Muito alto,Sudeste,SP,Rural,Pública,44,268.2996674109109,269.1818366212121,14.260069929194083
Muito alto,Sudeste,SP,Urbana,Privada,34,293.78653900730836,294.24700478666665,13.998507792622902
Muito alto,Sudeste,SP,Urbana,Pública,1731,271.9356443948524,271.7713502905056,13.599393912624215
Muito alto,Sul,PR,Rural,Privada,2,287.70625338571426,287.70625338571426,22.360253408621293
Muito alto,Sul,PR,Rural,Pública,43,275.0502166943398,277.8902851333333,15.016686089499473
Muito alto,Sul,PR,Urbana,Privada,29,289.6967229356845,291.3758401,18.198216153538773
Muito alto,Sul,PR,Urbana,Pública,627,271.27194766252404,271.10434204166665,13.583356966831003
Muito alto,Sul,RS,Rural,Privada,1,277.54120800000004,277.54120800000004,
Muito alto,Sul,RS,Rural,Pública,164,263.3674574531167,262.0050088083333,21.312136357704258
Muito alto,Sul,RS,Urbana,Privada,37,296.07766733293084,293.04506258333333,14.396980576076782
Muito alto,Sul,RS,Urbana,Pública,1434,268.2623963588438,269.1586464791667,17.679990829978866
Muito alto,Sul,SC,Rural,Privada,2,302.10517505370365,302.10517505370365,19.191945979536815
Muito alto,Sul,SC,Rural,Pública,131,259.78613689529107,260.5348291,18.67072623068063
Muito alto,Sul,SC,Urbana,Privada,36,294.92012386660787,300.31441777536236,17.726424830621173
Muito alto,Sul,SC,Urbana,Pública,978,265.16679723237917,265.21096620873277,16.661866139816127
